dat_chave,cod_tip_movimento,cod_canal_movimento,qtd_venda
2021-01-01,V,1,41
2021-01-01,V,14,186
2021-01-01,V,27,2
2021-01-01,V,12,5
2021-01-01,V,32,4
2021-01-01,V,7,61
2021-01-02,V,28,73
2021-01-02,V,27,3
2021-01-02,V,32,2
2021-01-02,V,12,8
2021-01-02,V,0,2682
2021-01-02,V,1,90
2021-01-02,V,14,260
2021-01-02,V,7,117
2021-01-02,V,36,1
2021-01-03,V,32,12
2021-01-03,V,7,117
2021-01-03,V,1,74
2021-01-03,V,12,3
2021-01-03,V,27,3
2021-01-03,V,14,231
2021-01-03,V,28,8
2021-01-03,V,0,363
2021-01-04,V,7,152
2021-01-04,V,0,2690
2021-01-04,V,1,194
2021-01-04,V,28,124
2021-01-04,V,14,374
2021-01-04,V,32,13
2021-01-04,V,12,3
2021-01-04,V,27,7
2021-01-05,V,1,208
2021-01-05,V,0,2617
2021-01-05,V,28,112
2021-01-05,V,32,13
2021-01-05,V,7,160
2021-01-05,V,27,2
2021-01-05,V,14,382
2021-01-05,V,12,12
2021-01-06,V,7,156
2021-01-06,V,12,10
2021-01-06,V,32,5
2021-01-06,V,0,2656
2021-01-06,V,28,133
2021-01-06,V,1,187
2021-01-06,V,14,378
2021-01-07,V,28,145
2021-01-07,V,32,8
2021-01-07,V,1,218
2021-01-07,V,34,1
2021-01-07,V,0,2788
2021-01-07,V,7,199
2021-01-07,V,12,11
2021-01-07,V,14,446
2021-01-08,V,28,135
2021-01-08,V,1,205
2021-01-08,V,0,2929
2021-01-08,V,4,1
2021-01-08,V,26,1
2021-01-08,V,12,9
2021-01-08,V,36,1
2021-01-08,V,7,151
2021-01-08,V,32,7
2021-01-08,V,14,473
2021-01-09,V,7,175
2021-01-09,V,1,110
2021-01-09,V,14,348
2021-01-09,V,0,4243
2021-01-09,V,32,11
2021-01-09,V,12,15
2021-01-09,V,28,200
2021-01-10,V,14,333
2021-01-10,V,26,1
2021-01-10,V,32,41
2021-01-10,V,0,745
2021-01-10,V,7,150
2021-01-10,V,1,105
2021-01-10,V,28,43
2021-01-10,V,12,10
2021-01-11,V,12,16
2021-01-11,V,14,479
2021-01-11,V,28,134
2021-01-11,V,32,24
2021-01-11,V,1,255
2021-01-11,V,7,180
2021-01-11,V,36,1
2021-01-11,V,0,2423
2021-01-12,V,14,545
2021-01-12,V,28,146
2021-01-12,V,12,10
2021-01-12,V,1,326
2021-01-12,V,32,23
2021-01-12,V,0,2360
2021-01-12,V,7,213
2021-01-13,V,32,17
2021-01-13,V,0,2486
2021-01-13,V,1,266
2021-01-13,V,12,12
2021-01-13,V,28,132
2021-01-13,V,14,492
2021-01-13,V,7,208
2021-01-14,V,32,12
2021-01-14,V,28,134
2021-01-14,V,1,290
2021-01-14,V,14,531
2021-01-14,V,0,2380
2021-01-14,V,12,8
2021-01-14,V,7,241
2021-01-15,V,14,498
2021-01-15,V,28,137
2021-01-15,V,7,228
2021-01-15,V,4,1
2021-01-15,V,1,214
2021-01-15,V,0,2471
2021-01-15,V,12,6
2021-01-15,V,32,20
2021-01-16,V,28,184
2021-01-16,V,0,3686
2021-01-16,V,32,29
2021-01-16,V,14,377
2021-01-16,V,1,129
2021-01-16,V,7,184
2021-01-16,V,12,9
2021-01-17,V,1,100
2021-01-17,V,12,8
2021-01-17,V,14,385
2021-01-17,V,32,15
2021-01-17,V,28,33
2021-01-17,V,0,642
2021-01-17,V,7,191
2021-01-18,V,12,12
2021-01-18,V,4,2
2021-01-18,V,7,267
2021-01-18,V,32,12
2021-01-18,V,0,2117
2021-01-18,V,28,123
2021-01-18,V,14,554
2021-01-18,V,1,294
2021-01-19,V,1,249
2021-01-19,V,32,9
2021-01-19,V,12,15
2021-01-19,V,28,109
2021-01-19,V,0,2142
2021-01-19,V,7,193
2021-01-19,V,14,497
2021-01-20,V,28,80
2021-01-20,V,0,1976
2021-01-20,V,12,7
2021-01-20,V,7,219
2021-01-20,V,14,542
2021-01-20,V,1,273
2021-01-20,V,32,6
2021-01-21,V,4,1
2021-01-21,V,7,240
2021-01-21,V,1,273
2021-01-21,V,28,87
2021-01-21,V,12,13
2021-01-21,V,0,2023
2021-01-21,V,32,4
2021-01-21,V,14,483
2021-01-22,V,14,596
2021-01-22,V,32,9
2021-01-22,V,12,14
2021-01-22,V,35,1
2021-01-22,V,7,262
2021-01-22,V,1,296
2021-01-22,V,28,115
2021-01-22,V,0,2139
2021-01-23,V,12,17
2021-01-23,V,28,187
2021-01-23,V,1,142
2021-01-23,V,14,342
2021-01-23,V,7,160
2021-01-23,V,32,5
2021-01-23,V,0,3218
2021-01-24,V,32,7
2021-01-24,V,7,199
2021-01-24,V,12,4
2021-01-24,V,28,38
2021-01-24,V,0,642
2021-01-24,V,14,343
2021-01-24,V,1,104
2021-01-25,V,7,234
2021-01-25,V,28,105
2021-01-25,V,0,1690
2021-01-25,V,12,16
2021-01-25,V,32,4
2021-01-25,V,14,497
2021-01-25,V,1,232
2021-01-26,V,32,4
2021-01-26,V,14,480
2021-01-26,V,1,226
2021-01-26,V,0,1808
2021-01-26,V,12,18
2021-01-26,V,7,200
2021-01-26,V,28,112
2021-01-27,V,0,1739
2021-01-27,V,28,111
2021-01-27,V,32,8
2021-01-27,V,7,242
2021-01-27,V,14,484
2021-01-27,V,26,1
2021-01-27,V,1,270
2021-01-27,V,12,37
2021-01-28,V,7,177
2021-01-28,V,0,2014
2021-01-28,V,1,191
2021-01-28,V,28,120
2021-01-28,V,14,448
2021-01-28,V,32,5
2021-01-28,V,12,20
2021-01-29,V,12,10
2021-01-29,V,7,144
2021-01-29,V,0,2142
2021-01-29,V,1,190
2021-01-29,V,28,154
2021-01-29,V,14,336
2021-01-29,V,32,3
2021-01-30,V,12,4
2021-01-30,V,7,164
2021-01-30,V,0,2460
2021-01-30,V,1,108
2021-01-30,V,14,355
2021-01-30,V,28,113
2021-01-30,V,32,3
2021-01-31,V,0,476
2021-01-31,V,7,148
2021-01-31,V,28,23
2021-01-31,V,1,177
2021-01-31,V,32,5
2021-01-31,V,12,12
2021-01-31,V,14,328
2021-02-01,V,4,1
2021-02-01,V,14,432
2021-02-01,V,1,227
2021-02-01,V,0,1990
2021-02-01,V,32,7
2021-02-01,V,7,139
2021-02-01,V,12,9
2021-02-01,V,28,126
2021-02-02,V,7,175
2021-02-02,V,1,195
2021-02-02,V,35,1
2021-02-02,V,12,10
2021-02-02,V,14,447
2021-02-02,V,0,1998
2021-02-02,V,32,6
2021-02-02,V,28,119
2021-02-02,V,36,1
2021-02-03,V,1,242
2021-02-03,V,7,211
2021-02-03,V,0,2008
2021-02-03,V,12,12
2021-02-03,V,32,4
2021-02-03,V,14,497
2021-02-03,V,28,147
2021-02-03,V,4,1
2021-02-04,V,28,128
2021-02-04,V,12,9
2021-02-04,V,7,172
2021-02-04,V,4,1
2021-02-04,V,0,1956
2021-02-04,V,14,461
2021-02-04,V,32,7
2021-02-04,V,1,229
2021-02-05,V,28,115
2021-02-05,V,14,431
2021-02-05,V,1,241
2021-02-05,V,7,162
2021-02-05,V,32,19
2021-02-05,V,12,3
2021-02-05,V,0,2108
2021-02-06,V,0,3943
2021-02-06,V,28,204
2021-02-06,V,12,14
2021-02-06,V,1,148
2021-02-06,V,7,198
2021-02-06,V,32,5
2021-02-06,V,14,418
2021-02-06,V,4,2
2021-02-07,V,1,100
2021-02-07,V,12,5
2021-02-07,V,28,32
2021-02-07,V,7,173
2021-02-07,V,0,797
2021-02-07,V,32,6
2021-02-07,V,14,346
2021-02-08,V,12,11
2021-02-08,V,1,225
2021-02-08,V,4,1
2021-02-08,V,0,1765
2021-02-08,V,14,508
2021-02-08,V,7,191
2021-02-08,V,32,8
2021-02-08,V,28,137
2021-02-09,V,28,116
2021-02-09,V,0,1935
2021-02-09,V,32,4
2021-02-09,V,12,10
2021-02-09,V,7,210
2021-02-09,V,4,4
2021-02-09,V,14,471
2021-02-09,V,1,224
2021-02-10,V,12,7
2021-02-10,V,14,406
2021-02-10,V,7,171
2021-02-10,V,0,1869
2021-02-10,V,1,208
2021-02-10,V,32,11
2021-02-10,V,28,109
2021-02-11,V,35,1
2021-02-11,V,28,117
2021-02-11,V,7,156
2021-02-11,V,14,425
2021-02-11,V,12,4
2021-02-11,V,0,1977
2021-02-11,V,1,198
2021-02-11,V,32,2
2021-02-12,V,14,402
2021-02-12,V,0,1956
2021-02-12,V,32,5
2021-02-12,V,1,199
2021-02-12,V,7,155
2021-02-12,V,12,7
2021-02-12,V,28,107
2021-02-13,V,12,5
2021-02-13,V,28,206
2021-02-13,V,1,104
2021-02-13,V,14,365
2021-02-13,V,7,160
2021-02-13,V,32,3
2021-02-13,V,4,1
2021-02-13,V,0,3109
2021-02-13,V,26,1
2021-02-14,V,7,156
2021-02-14,V,14,296
2021-02-14,V,0,664
2021-02-14,V,4,1
2021-02-14,V,32,18
2021-02-14,V,1,79
2021-02-14,V,12,7
2021-02-14,V,28,35
2021-02-15,V,1,192
2021-02-15,V,0,1803
2021-02-15,V,28,110
2021-02-15,V,12,7
2021-02-15,V,32,12
2021-02-15,V,14,429
2021-02-15,V,7,162
2021-02-16,V,14,412
2021-02-16,V,0,1299
2021-02-16,V,28,70
2021-02-16,V,32,12
2021-02-16,V,1,223
2021-02-16,V,12,12
2021-02-16,V,7,213
2021-02-17,V,14,373
2021-02-17,V,0,1430
2021-02-17,V,32,8
2021-02-17,V,36,1
2021-02-17,V,12,16
2021-02-17,V,4,1
2021-02-17,V,1,198
2021-02-17,V,7,178
2021-02-17,V,28,100
2021-02-18,V,1,209
2021-02-18,V,32,9
2021-02-18,V,14,464
2021-02-18,V,7,190
2021-02-18,V,0,1582
2021-02-18,V,28,104
2021-02-18,V,4,1
2021-02-18,V,12,16
2021-02-19,V,0,1739
2021-02-19,V,7,163
2021-02-19,V,12,10
2021-02-19,V,4,1
2021-02-19,V,32,12
2021-02-19,V,28,122
2021-02-19,V,14,395
2021-02-19,V,26,1
2021-02-19,V,1,176
2021-02-20,V,7,166
2021-02-20,V,14,328
2021-02-20,V,28,182
2021-02-20,V,12,6
2021-02-20,V,26,2
2021-02-20,V,0,2994
2021-02-20,V,32,7
2021-02-20,V,1,105
2021-02-21,V,14,317
2021-02-21,V,28,44
2021-02-21,V,0,747
2021-02-21,V,32,63
2021-02-21,V,7,197
2021-02-21,V,12,9
2021-02-21,V,1,131
2021-02-22,V,28,91
2021-02-22,V,14,420
2021-02-22,V,0,1404
2021-02-22,V,1,188
2021-02-22,V,32,43
2021-02-22,V,12,14
2021-02-22,V,7,108
2021-02-23,V,12,18
2021-02-23,V,1,198
2021-02-23,V,14,364
2021-02-23,V,35,1
2021-02-23,V,4,1
2021-02-23,V,7,163
2021-02-23,V,32,24
2021-02-23,V,28,117
2021-02-23,V,0,1507
2021-02-24,V,0,1493
2021-02-24,V,28,103
2021-02-24,V,1,186
2021-02-24,V,32,23
2021-02-24,V,14,336
2021-02-24,V,7,170
2021-02-24,V,12,15
2021-02-25,V,7,152
2021-02-25,V,12,6
2021-02-25,V,32,19
2021-02-25,V,28,105
2021-02-25,V,14,382
2021-02-25,V,0,1508
2021-02-25,V,1,197
2021-02-26,V,14,342
2021-02-26,V,32,42
2021-02-26,V,35,1
2021-02-26,V,28,115
2021-02-26,V,0,1684
2021-02-26,V,12,24
2021-02-26,V,7,149
2021-02-26,V,1,171
2021-02-26,V,4,2
2021-02-27,V,14,331
2021-02-27,V,7,160
2021-02-27,V,28,166
2021-02-27,V,26,1
2021-02-27,V,0,2596
2021-02-27,V,1,106
2021-02-27,V,32,21
2021-02-27,V,12,15
2021-02-28,V,7,155
2021-02-28,V,1,123
2021-02-28,V,0,733
2021-02-28,V,32,14
2021-02-28,V,14,328
2021-02-28,V,12,15
2021-02-28,V,28,36
2021-03-01,V,12,11
2021-03-01,V,0,1124
2021-03-01,V,32,73
2021-03-01,V,4,2
2021-03-01,V,28,80
2021-03-01,V,1,222
2021-03-01,V,14,373
2021-03-01,V,7,164
2021-03-02,V,32,16
2021-03-02,V,12,13
2021-03-02,V,7,164
2021-03-02,V,14,381
2021-03-02,V,0,1194
2021-03-02,V,4,2
2021-03-02,V,28,88
2021-03-02,V,1,223
2021-03-03,V,12,11
2021-03-03,V,32,12
2021-03-03,V,1,228
2021-03-03,V,0,1255
2021-03-03,V,28,108
2021-03-03,V,7,159
2021-03-03,V,4,2
2021-03-03,V,14,371
2021-03-04,V,7,175
2021-03-04,V,14,352
2021-03-04,V,12,13
2021-03-04,V,0,1344
2021-03-04,V,1,179
2021-03-04,V,32,7
2021-03-04,V,28,117
2021-03-05,V,12,9
2021-03-05,V,32,4
2021-03-05,V,0,1515
2021-03-05,V,7,136
2021-03-05,V,28,120
2021-03-05,V,4,2
2021-03-05,V,14,371
2021-03-05,V,1,213
2021-03-05,V,26,1
2021-03-06,V,1,135
2021-03-06,V,32,14
2021-03-06,V,7,186
2021-03-06,V,12,10
2021-03-06,V,0,1319
2021-03-06,V,14,379
2021-03-06,V,4,1
2021-03-06,V,28,92
2021-03-07,V,12,11
2021-03-07,V,28,20
2021-03-07,V,32,12
2021-03-07,V,7,211
2021-03-07,V,1,115
2021-03-07,V,0,201
2021-03-07,V,14,355
2021-03-08,V,32,7
2021-03-08,V,12,11
2021-03-08,V,7,198
2021-03-08,V,14,392
2021-03-08,V,28,51
2021-03-08,V,1,269
2021-03-08,V,0,733
2021-03-09,V,1,266
2021-03-09,V,14,478
2021-03-09,V,26,1
2021-03-09,V,28,51
2021-03-09,V,32,9
2021-03-09,V,0,738
2021-03-09,V,12,11
2021-03-09,V,7,199
2021-03-10,V,14,467
2021-03-10,V,12,20
2021-03-10,V,28,81
2021-03-10,V,32,30
2021-03-10,V,0,826
2021-03-10,V,7,225
2021-03-10,V,1,294
2021-03-11,V,14,523
2021-03-11,V,32,17
2021-03-11,V,1,223
2021-03-11,V,7,194
2021-03-11,V,26,1
2021-03-11,V,0,774
2021-03-11,V,28,69
2021-03-11,V,12,15
2021-03-12,V,32,5
2021-03-12,V,28,61
2021-03-12,V,1,213
2021-03-12,V,14,402
2021-03-12,V,12,13
2021-03-12,V,0,869
2021-03-12,V,7,158
2021-03-13,V,14,417
2021-03-13,V,28,68
2021-03-13,V,7,207
2021-03-13,V,12,9
2021-03-13,V,32,28
2021-03-13,V,0,819
2021-03-13,V,1,144
2021-03-14,V,4,2
2021-03-14,V,14,427
2021-03-14,V,12,10
2021-03-14,V,7,217
2021-03-14,V,32,59
2021-03-14,V,28,10
2021-03-14,V,0,136
2021-03-14,V,1,156
2021-03-15,V,14,452
2021-03-15,V,0,719
2021-03-15,V,7,225
2021-03-15,V,28,55
2021-03-15,V,4,2
2021-03-15,V,1,322
2021-03-15,V,12,15
2021-03-15,V,32,53
2021-03-15,V,36,1
2021-03-16,V,32,38
2021-03-16,V,14,446
2021-03-16,V,1,297
2021-03-16,V,7,208
2021-03-16,V,12,21
2021-03-16,V,28,62
2021-03-16,V,0,737
2021-03-17,V,12,18
2021-03-17,V,1,305
2021-03-17,V,14,597
2021-03-17,V,0,666
2021-03-17,V,28,61
2021-03-17,V,32,28
2021-03-17,V,7,253
2021-03-18,V,32,38
2021-03-18,V,1,225
2021-03-18,V,7,214
2021-03-18,V,4,1
2021-03-18,V,26,1
2021-03-18,V,28,41
2021-03-18,V,12,11
2021-03-18,V,14,529
2021-03-18,V,0,552
2021-03-19,V,7,166
2021-03-19,V,12,15
2021-03-19,V,0,611
2021-03-19,V,1,216
2021-03-19,V,14,393
2021-03-19,V,32,16
2021-03-19,V,28,67
2021-03-20,V,1,129
2021-03-20,V,0,619
2021-03-20,V,32,18
2021-03-20,V,12,13
2021-03-20,V,28,57
2021-03-20,V,14,292
2021-03-20,V,7,180
2021-03-21,V,14,367
2021-03-21,V,7,167
2021-03-21,V,32,26
2021-03-21,V,28,5
2021-03-21,V,0,69
2021-03-21,V,1,121
2021-03-21,V,4,1
2021-03-21,V,12,13
2021-03-22,V,14,456
2021-03-22,V,1,219
2021-03-22,V,32,21
2021-03-22,V,7,208
2021-03-22,V,28,34
2021-03-22,V,12,16
2021-03-22,V,0,492
2021-03-23,V,26,2
2021-03-23,V,7,180
2021-03-23,V,14,357
2021-03-23,V,28,43
2021-03-23,V,0,412
2021-03-23,V,32,18
2021-03-23,V,12,9
2021-03-23,V,1,227
2021-03-24,V,14,344
2021-03-24,V,32,15
2021-03-24,V,1,202
2021-03-24,V,7,178
2021-03-24,V,12,8
2021-03-24,V,28,28
2021-03-24,V,0,517
2021-03-24,V,4,2
2021-03-25,V,12,11
2021-03-25,V,36,1
2021-03-25,V,28,42
2021-03-25,V,7,336
2021-03-25,V,32,5
2021-03-25,V,1,330
2021-03-25,V,14,620
2021-03-25,V,0,552
2021-03-26,V,7,225
2021-03-26,V,14,397
2021-03-26,V,1,211
2021-03-26,V,4,2
2021-03-26,V,0,411
2021-03-26,V,12,12
2021-03-26,V,32,9
2021-03-26,V,28,30
2021-03-27,V,12,14
2021-03-27,V,1,122
2021-03-27,V,7,190
2021-03-27,V,28,13
2021-03-27,V,14,355
2021-03-27,V,32,2
2021-03-27,V,0,243
2021-03-28,V,0,18
2021-03-28,V,32,12
2021-03-28,V,14,382
2021-03-28,V,12,21
2021-03-28,V,1,124
2021-03-28,V,7,223
2021-03-29,V,7,214
2021-03-29,V,1,257
2021-03-29,V,28,25
2021-03-29,V,0,346
2021-03-29,V,12,18
2021-03-29,V,14,419
2021-03-29,V,32,13
2021-03-29,V,4,2
2021-03-30,V,0,356
2021-03-30,V,28,24
2021-03-30,V,32,8
2021-03-30,V,12,20
2021-03-30,V,34,1
2021-03-30,V,7,196
2021-03-30,V,1,221
2021-03-30,V,14,377
2021-03-31,V,28,27
2021-03-31,V,12,16
2021-03-31,V,14,416
2021-03-31,V,7,182
2021-03-31,V,0,405
2021-03-31,V,32,8
2021-03-31,V,1,199
2021-04-01,V,12,16
2021-04-01,V,28,30
2021-04-01,V,0,673
2021-04-01,V,1,201
2021-04-01,V,32,15
2021-04-01,V,26,1
2021-04-01,V,7,196
2021-04-01,V,14,364
2021-04-02,V,7,209
2021-04-02,V,0,199
2021-04-02,V,32,3
2021-04-02,V,14,386
2021-04-02,V,28,11
2021-04-02,V,1,113
2021-04-02,V,12,13
2021-04-03,V,12,10
2021-04-03,V,1,102
2021-04-03,V,14,365
2021-04-03,V,32,8
2021-04-03,V,7,191
2021-04-03,V,28,38
2021-04-03,V,34,1
2021-04-03,V,0,736
2021-04-04,V,14,278
2021-04-04,V,28,5
2021-04-04,V,12,14
2021-04-04,V,1,85
2021-04-04,V,7,158
2021-04-04,V,4,1
2021-04-04,V,0,133
2021-04-04,V,32,14
2021-04-05,V,32,26
2021-04-05,V,4,2
2021-04-05,V,28,28
2021-04-05,V,12,19
2021-04-05,V,14,411
2021-04-05,V,7,173
2021-04-05,V,35,1
2021-04-05,V,1,259
2021-04-05,V,0,585
2021-04-06,V,12,16
2021-04-06,V,14,436
2021-04-06,V,32,8
2021-04-06,V,1,222
2021-04-06,V,36,1
2021-04-06,V,0,842
2021-04-06,V,7,212
2021-04-06,V,28,42
2021-04-07,V,12,12
2021-04-07,V,7,226
2021-04-07,V,14,551
2021-04-07,V,28,49
2021-04-07,V,0,906
2021-04-07,V,1,285
2021-04-07,V,32,10
2021-04-08,V,1,326
2021-04-08,V,7,456
2021-04-08,V,12,10
2021-04-08,V,0,867
2021-04-08,V,28,54
2021-04-08,V,4,1
2021-04-08,V,32,16
2021-04-08,V,14,740
2021-04-09,V,12,13
2021-04-09,V,7,225
2021-04-09,V,1,305
2021-04-09,V,32,13
2021-04-09,V,28,75
2021-04-09,V,0,1159
2021-04-09,V,14,545
2021-04-10,V,1,141
2021-04-10,V,12,17
2021-04-10,V,14,408
2021-04-10,V,32,18
2021-04-10,V,7,213
2021-04-10,V,28,106
2021-04-10,V,0,1596
2021-04-11,V,28,15
2021-04-11,V,7,249
2021-04-11,V,32,10
2021-04-11,V,14,413
2021-04-11,V,0,284
2021-04-11,V,1,120
2021-04-11,V,12,16
2021-04-12,V,12,21
2021-04-12,V,28,82
2021-04-12,V,32,10
2021-04-12,V,1,277
2021-04-12,V,0,977
2021-04-12,V,14,503
2021-04-12,V,7,256
2021-04-13,V,0,1197
2021-04-13,V,12,16
2021-04-13,V,1,317
2021-04-13,V,32,12
2021-04-13,V,7,264
2021-04-13,V,28,78
2021-04-13,V,14,556
2021-04-14,V,7,245
2021-04-14,V,0,1143
2021-04-14,V,12,20
2021-04-14,V,4,1
2021-04-14,V,1,283
2021-04-14,V,32,23
2021-04-14,V,14,476
2021-04-14,V,28,88
2021-04-15,V,1,275
2021-04-15,V,14,497
2021-04-15,V,26,2
2021-04-15,V,28,86
2021-04-15,V,0,1157
2021-04-15,V,4,1
2021-04-15,V,7,259
2021-04-15,V,32,10
2021-04-15,V,12,16
2021-04-16,V,0,1243
2021-04-16,V,28,107
2021-04-16,V,14,424
2021-04-16,V,32,7
2021-04-16,V,1,257
2021-04-16,V,7,261
2021-04-16,V,12,11
2021-04-17,V,28,117
2021-04-17,V,1,116
2021-04-17,V,12,12
2021-04-17,V,7,182
2021-04-17,V,0,1749
2021-04-17,V,32,10
2021-04-17,V,14,348
2021-04-18,V,12,7
2021-04-18,V,4,1
2021-04-18,V,1,135
2021-04-18,V,28,47
2021-04-18,V,14,378
2021-04-18,V,0,708
2021-04-18,V,32,8
2021-04-18,V,7,221
2021-04-19,V,12,14
2021-04-19,V,7,258
2021-04-19,V,28,106
2021-04-19,V,32,17
2021-04-19,V,14,458
2021-04-19,V,1,221
2021-04-19,V,0,1417
2021-04-20,V,7,280
2021-04-20,V,12,11
2021-04-20,V,1,233
2021-04-20,V,32,7
2021-04-20,V,28,113
2021-04-20,V,14,464
2021-04-20,V,0,1484
2021-04-21,V,12,10
2021-04-21,V,32,14
2021-04-21,V,1,153
2021-04-21,V,7,259
2021-04-21,V,14,472
2021-04-21,V,28,116
2021-04-21,V,0,1488
2021-04-22,V,1,209
2021-04-22,V,0,1565
2021-04-22,V,12,9
2021-04-22,V,28,107
2021-04-22,V,32,7
2021-04-22,V,14,523
2021-04-22,V,7,217
2021-04-23,V,0,1909
2021-04-23,V,12,5
2021-04-23,V,32,12
2021-04-23,V,7,170
2021-04-23,V,1,217
2021-04-23,V,28,115
2021-04-23,V,14,422
2021-04-24,V,12,7
2021-04-24,V,0,2739
2021-04-24,V,32,10
2021-04-24,V,28,152
2021-04-24,V,14,293
2021-04-24,V,1,121
2021-04-24,V,7,183
2021-04-25,V,28,49
2021-04-25,V,12,11
2021-04-25,V,1,100
2021-04-25,V,0,782
2021-04-25,V,32,5
2021-04-25,V,14,337
2021-04-25,V,7,191
2021-04-26,V,4,2
2021-04-26,V,14,462
2021-04-26,V,35,1
2021-04-26,V,28,103
2021-04-26,V,32,16
2021-04-26,V,12,15
2021-04-26,V,1,254
2021-04-26,V,0,1385
2021-04-26,V,7,205
2021-04-27,V,4,2
2021-04-27,V,14,559
2021-04-27,V,0,1628
2021-04-27,V,32,17
2021-04-27,V,1,286
2021-04-27,V,7,262
2021-04-27,V,12,16
2021-04-27,V,28,121
2021-04-28,V,4,4
2021-04-28,V,28,102
2021-04-28,V,7,256
2021-04-28,V,32,4
2021-04-28,V,0,1694
2021-04-28,V,12,16
2021-04-28,V,14,527
2021-04-28,V,1,278
2021-04-29,V,0,1657
2021-04-29,V,26,1
2021-04-29,V,7,265
2021-04-29,V,36,2
2021-04-29,V,32,25
2021-04-29,V,1,266
2021-04-29,V,28,115
2021-04-29,V,12,9
2021-04-29,V,14,534
2021-04-29,V,4,2
2021-04-30,V,12,11
2021-04-30,V,14,485
2021-04-30,V,1,236
2021-04-30,V,32,22
2021-04-30,V,4,2
2021-04-30,V,7,215
2021-04-30,V,0,1998
2021-04-30,V,28,124
2021-05-01,V,7,215
2021-05-01,V,12,11
2021-05-01,V,35,1
2021-05-01,V,14,449
2021-05-01,V,4,2
2021-05-01,V,28,153
2021-05-01,V,1,144
2021-05-01,V,32,7
2021-05-01,V,0,2561
2021-05-02,V,1,148
2021-05-02,V,14,378
2021-05-02,V,7,221
2021-05-02,V,12,9
2021-05-02,V,32,14
2021-05-02,V,0,876
2021-05-02,V,28,36
2021-05-03,V,4,1
2021-05-03,V,14,558
2021-05-03,V,0,1718
2021-05-03,V,7,283
2021-05-03,V,32,17
2021-05-03,V,28,124
2021-05-03,V,12,14
2021-05-03,V,1,338
2021-05-04,V,28,157
2021-05-04,V,32,18
2021-05-04,V,14,534
2021-05-04,V,0,1935
2021-05-04,V,7,230
2021-05-04,V,4,2
2021-05-04,V,1,281
2021-05-04,V,12,15
2021-05-05,V,4,3
2021-05-05,V,0,2119
2021-05-05,V,14,451
2021-05-05,V,1,224
2021-05-05,V,32,9
2021-05-05,V,12,16
2021-05-05,V,28,140
2021-05-05,V,35,1
2021-05-05,V,7,235
2021-05-06,V,1,239
2021-05-06,V,12,16
2021-05-06,V,28,120
2021-05-06,V,0,2220
2021-05-06,V,14,455
2021-05-06,V,26,1
2021-05-06,V,32,14
2021-05-06,V,4,1
2021-05-06,V,36,1
2021-05-06,V,7,248
2021-05-07,V,32,14
2021-05-07,V,28,138
2021-05-07,V,14,426
2021-05-07,V,12,9
2021-05-07,V,7,228
2021-05-07,V,1,250
2021-05-07,V,0,2869
2021-05-08,V,14,353
2021-05-08,V,28,227
2021-05-08,V,1,124
2021-05-08,V,12,9
2021-05-08,V,0,6018
2021-05-08,V,32,11
2021-05-08,V,7,207
2021-05-09,V,32,5
2021-05-09,V,14,335
2021-05-09,V,12,9
2021-05-09,V,28,45
2021-05-09,V,7,174
2021-05-09,V,1,89
2021-05-09,V,0,1178
2021-05-10,V,32,20
2021-05-10,V,35,1
2021-05-10,V,7,220
2021-05-10,V,14,509
2021-05-10,V,0,1744
2021-05-10,V,12,12
2021-05-10,V,28,151
2021-05-10,V,1,287
2021-05-11,V,12,12
2021-05-11,V,14,611
2021-05-11,V,32,9
2021-05-11,V,1,351
2021-05-11,V,7,256
2021-05-11,V,28,142
2021-05-11,V,35,2
2021-05-11,V,0,1992
2021-05-12,V,1,267
2021-05-12,V,12,8
2021-05-12,V,7,258
2021-05-12,V,14,586
2021-05-12,V,28,158
2021-05-12,V,32,5
2021-05-12,V,0,1893
2021-05-13,V,7,267
2021-05-13,V,12,2
2021-05-13,V,28,166
2021-05-13,V,32,9
2021-05-13,V,1,285
2021-05-13,V,0,1775
2021-05-13,V,14,573
2021-05-14,V,0,2020
2021-05-14,V,34,1
2021-05-14,V,1,280
2021-05-14,V,12,6
2021-05-14,V,28,138
2021-05-14,V,7,235
2021-05-14,V,14,521
2021-05-14,V,32,7
2021-05-15,V,1,118
2021-05-15,V,0,3709
2021-05-15,V,26,1
2021-05-15,V,7,181
2021-05-15,V,32,3
2021-05-15,V,28,258
2021-05-15,V,14,341
2021-05-15,V,12,10
2021-05-16,V,32,8
2021-05-16,V,1,124
2021-05-16,V,0,926
2021-05-16,V,14,304
2021-05-16,V,28,58
2021-05-16,V,7,193
2021-05-16,V,12,2
2021-05-17,V,1,270
2021-05-17,V,14,454
2021-05-17,V,7,218
2021-05-17,V,28,116
2021-05-17,V,0,1573
2021-05-17,V,32,4
2021-05-17,V,12,5
2021-05-18,V,12,10
2021-05-18,V,4,1
2021-05-18,V,0,1691
2021-05-18,V,28,135
2021-05-18,V,7,258
2021-05-18,V,14,491
2021-05-18,V,32,12
2021-05-18,V,1,268
2021-05-19,V,0,1616
2021-05-19,V,32,4
2021-05-19,V,1,254
2021-05-19,V,12,6
2021-05-19,V,7,218
2021-05-19,V,14,561
2021-05-19,V,28,142
2021-05-20,V,36,1
2021-05-20,V,14,398
2021-05-20,V,28,100
2021-05-20,V,32,9
2021-05-20,V,1,248
2021-05-20,V,12,7
2021-05-20,V,0,1732
2021-05-20,V,7,268
2021-05-21,V,0,1894
2021-05-21,V,26,1
2021-05-21,V,1,241
2021-05-21,V,12,14
2021-05-21,V,32,8
2021-05-21,V,4,1
2021-05-21,V,14,386
2021-05-21,V,7,202
2021-05-21,V,28,143
2021-05-22,V,32,16
2021-05-22,V,28,242
2021-05-22,V,7,194
2021-05-22,V,26,1
2021-05-22,V,1,134
2021-05-22,V,0,3334
2021-05-22,V,14,425
2021-05-22,V,12,3
2021-05-22,V,4,2
2021-05-23,V,32,10
2021-05-23,V,0,888
2021-05-23,V,7,199
2021-05-23,V,28,54
2021-05-23,V,1,108
2021-05-23,V,14,378
2021-05-23,V,12,8
2021-05-24,V,32,8
2021-05-24,V,4,1
2021-05-24,V,28,129
2021-05-24,V,12,7
2021-05-24,V,14,432
2021-05-24,V,7,223
2021-05-24,V,1,253
2021-05-24,V,0,1399
2021-05-25,V,36,1
2021-05-25,V,32,7
2021-05-25,V,28,125
2021-05-25,V,14,531
2021-05-25,V,12,8
2021-05-25,V,7,251
2021-05-25,V,0,1538
2021-05-25,V,1,280
2021-05-26,V,1,288
2021-05-26,V,7,290
2021-05-26,V,32,8
2021-05-26,V,4,1
2021-05-26,V,12,19
2021-05-26,V,0,1569
2021-05-26,V,28,131
2021-05-26,V,14,565
2021-05-27,V,1,294
2021-05-27,V,14,544
2021-05-27,V,7,262
2021-05-27,V,28,168
2021-05-27,V,0,1693
2021-05-27,V,32,12
2021-05-27,V,12,16
2021-05-28,V,7,200
2021-05-28,V,26,1
2021-05-28,V,28,161
2021-05-28,V,1,211
2021-05-28,V,14,405
2021-05-28,V,32,7
2021-05-28,V,12,13
2021-05-28,V,0,1764
2021-05-29,V,26,1
2021-05-29,V,1,125
2021-05-29,V,14,353
2021-05-29,V,32,3
2021-05-29,V,0,3233
2021-05-29,V,28,192
2021-05-29,V,12,6
2021-05-29,V,7,194
2021-05-30,V,0,682
2021-05-30,V,1,141
2021-05-30,V,7,201
2021-05-30,V,32,1
2021-05-30,V,28,54
2021-05-30,V,12,12
2021-05-30,V,14,379
2021-05-31,V,14,548
2021-05-31,V,32,4
2021-05-31,V,0,1496
2021-05-31,V,28,125
2021-05-31,V,1,281
2021-05-31,V,12,13
2021-05-31,V,7,244
2021-06-01,V,14,638
2021-06-01,V,12,13
2021-06-01,V,7,304
2021-06-01,V,1,343
2021-06-01,V,28,142
2021-06-01,V,0,1700
2021-06-01,V,32,8
2021-06-02,V,7,7
2021-06-02,V,32,7
2021-06-02,V,0,1944
2021-06-02,V,1,18
2021-06-02,V,14,10
2021-06-02,V,12,12
2021-06-03,V,0,1566
2021-06-03,V,7,314
2021-06-03,V,1,199
2021-06-03,V,32,10
2021-06-03,V,12,3
2021-06-03,V,28,141
2021-06-03,V,14,565
2021-06-04,V,12,11
2021-06-04,V,14,582
2021-06-04,V,28,186
2021-06-04,V,0,2541
2021-06-04,V,32,11
2021-06-04,V,7,270
2021-06-04,V,1,288
2021-06-05,V,36,1
2021-06-05,V,32,15
2021-06-05,V,0,3082
2021-06-05,V,1,152
2021-06-05,V,7,221
2021-06-05,V,28,211
2021-06-05,V,14,447
2021-06-05,V,12,13
2021-06-06,V,32,11
2021-06-06,V,14,425
2021-06-06,V,0,621
2021-06-06,V,28,41
2021-06-06,V,7,265
2021-06-06,V,1,139
2021-06-06,V,12,10
2021-06-07,V,26,1
2021-06-07,V,28,144
2021-06-07,V,12,15
2021-06-07,V,14,572
2021-06-07,V,7,307
2021-06-07,V,1,354
2021-06-07,V,0,1784
2021-06-07,V,32,12
2021-06-08,V,4,1
2021-06-08,V,1,358
2021-06-08,V,32,20
2021-06-08,V,0,1933
2021-06-08,V,14,715
2021-06-08,V,7,362
2021-06-08,V,28,148
2021-06-08,V,12,10
2021-06-09,V,32,18
2021-06-09,V,0,2537
2021-06-09,V,12,19
2021-06-09,V,7,328
2021-06-09,V,1,305
2021-06-09,V,28,161
2021-06-09,V,14,617
2021-06-10,V,7,268
2021-06-10,V,32,10
2021-06-10,V,14,525
2021-06-10,V,12,23
2021-06-10,V,1,276
2021-06-10,V,28,156
2021-06-10,V,0,2847
2021-06-11,V,0,3840
2021-06-11,V,1,223
2021-06-11,V,14,463
2021-06-11,V,32,17
2021-06-11,V,12,18
2021-06-11,V,7,237
2021-06-11,V,28,184
2021-06-12,V,7,192
2021-06-12,V,28,292
2021-06-12,V,1,120
2021-06-12,V,14,406
2021-06-12,V,32,12
2021-06-12,V,0,5696
2021-06-12,V,12,16
2021-06-13,V,14,439
2021-06-13,V,12,11
2021-06-13,V,10,1
2021-06-13,V,7,247
2021-06-13,V,32,9
2021-06-13,V,28,65
2021-06-13,V,1,126
2021-06-13,V,0,797
2021-06-14,V,28,161
2021-06-14,V,1,294
2021-06-14,V,0,1757
2021-06-14,V,14,490
2021-06-14,V,12,17
2021-06-14,V,32,20
2021-06-14,V,7,245
2021-06-15,V,28,39
2021-06-15,V,1,260
2021-06-15,V,14,553
2021-06-15,V,32,25
2021-06-15,V,12,12
2021-06-15,V,0,1784
2021-06-15,V,7,269
2021-06-16,V,32,13
2021-06-16,V,1,263
2021-06-16,V,7,274
2021-06-16,V,0,1799
2021-06-16,V,28,116
2021-06-16,V,12,18
2021-06-16,V,14,570
2021-06-17,V,1,276
2021-06-17,V,28,135
2021-06-17,V,14,509
2021-06-17,V,32,9
2021-06-17,V,0,1830
2021-06-17,V,12,16
2021-06-17,V,7,210
2021-06-18,V,12,20
2021-06-18,V,0,2062
2021-06-18,V,32,7
2021-06-18,V,28,155
2021-06-18,V,1,237
2021-06-18,V,7,180
2021-06-18,V,14,444
2021-06-19,V,32,11
2021-06-19,V,28,206
2021-06-19,V,12,17
2021-06-19,V,1,136
2021-06-19,V,4,1
2021-06-19,V,14,394
2021-06-19,V,0,3524
2021-06-19,V,7,175
2021-06-20,V,14,398
2021-06-20,V,7,202
2021-06-20,V,1,115
2021-06-20,V,0,783
2021-06-20,V,28,58
2021-06-20,V,32,14
2021-06-20,V,12,11
2021-06-21,V,32,22
2021-06-21,V,14,425
2021-06-21,V,0,1545
2021-06-21,V,7,207
2021-06-21,V,28,129
2021-06-21,V,12,15
2021-06-21,V,1,276
2021-06-22,V,0,1522
2021-06-22,V,7,240
2021-06-22,V,32,16
2021-06-22,V,14,483
2021-06-22,V,28,124
2021-06-22,V,1,290
2021-06-22,V,12,17
2021-06-23,V,7,239
2021-06-23,V,1,302
2021-06-23,V,12,36
2021-06-23,V,28,145
2021-06-23,V,14,457
2021-06-23,V,0,1696
2021-06-23,V,32,10
2021-06-24,V,0,1473
2021-06-24,V,32,10
2021-06-24,V,7,228
2021-06-24,V,28,99
2021-06-24,V,14,433
2021-06-24,V,34,1
2021-06-24,V,12,18
2021-06-24,V,1,233
2021-06-25,V,4,1
2021-06-25,V,12,14
2021-06-25,V,35,1
2021-06-25,V,28,132
2021-06-25,V,32,8
2021-06-25,V,26,1
2021-06-25,V,1,248
2021-06-25,V,36,1
2021-06-25,V,7,183
2021-06-25,V,0,1836
2021-06-25,V,14,369
2021-06-26,V,28,238
2021-06-26,V,12,12
2021-06-26,V,14,331
2021-06-26,V,1,101
2021-06-26,V,0,3229
2021-06-26,V,7,160
2021-06-26,V,32,10
2021-06-27,V,14,328
2021-06-27,V,32,8
2021-06-27,V,1,108
2021-06-27,V,4,1
2021-06-27,V,7,180
2021-06-27,V,0,670
2021-06-27,V,12,14
2021-06-27,V,28,45
2021-06-28,V,28,122
2021-06-28,V,14,428
2021-06-28,V,4,1
2021-06-28,V,32,13
2021-06-28,V,12,16
2021-06-28,V,0,1425
2021-06-28,V,7,172
2021-06-28,V,1,242
2021-06-29,V,0,1583
2021-06-29,V,1,266
2021-06-29,V,14,451
2021-06-29,V,28,114
2021-06-29,V,4,2
2021-06-29,V,32,7
2021-06-29,V,7,195
2021-06-29,V,12,15
2021-06-30,V,28,141
2021-06-30,V,1,241
2021-06-30,V,7,203
2021-06-30,V,0,1973
2021-06-30,V,12,24
2021-06-30,V,32,13
2021-06-30,V,14,473
2021-06-30,V,4,2
2021-07-01,V,1,291
2021-07-01,V,14,500
2021-07-01,V,7,247
2021-07-01,V,32,6
2021-07-01,V,12,13
2021-07-01,V,36,1
2021-07-01,V,28,127
2021-07-01,V,0,2016
2021-07-02,V,0,2292
2021-07-02,V,28,128
2021-07-02,V,14,510
2021-07-02,V,12,10
2021-07-02,V,7,210
2021-07-02,V,32,7
2021-07-02,V,1,238
2021-07-03,V,28,227
2021-07-03,V,1,130
2021-07-03,V,14,355
2021-07-03,V,32,3
2021-07-03,V,0,4116
2021-07-03,V,12,8
2021-07-03,V,7,191
2021-07-04,V,14,375
2021-07-04,V,32,13
2021-07-04,V,1,128
2021-07-04,V,7,189
2021-07-04,V,28,54
2021-07-04,V,12,12
2021-07-04,V,0,894
2021-07-05,V,32,7
2021-07-05,V,7,253
2021-07-05,V,1,268
2021-07-05,V,0,1988
2021-07-05,V,14,450
2021-07-05,V,28,108
2021-07-05,V,12,7
2021-07-06,V,28,128
2021-07-06,V,12,15
2021-07-06,V,1,286
2021-07-06,V,14,466
2021-07-06,V,4,1
2021-07-06,V,7,226
2021-07-06,V,32,11
2021-07-06,V,0,2180
2021-07-07,V,28,172
2021-07-07,V,4,1
2021-07-07,V,32,6
2021-07-07,V,0,2332
2021-07-07,V,7,226
2021-07-07,V,14,500
2021-07-07,V,12,10
2021-07-07,V,1,225
2021-07-08,V,28,131
2021-07-08,V,12,10
2021-07-08,V,0,2336
2021-07-08,V,1,229
2021-07-08,V,7,231
2021-07-08,V,14,503
2021-07-08,V,4,1
2021-07-08,V,32,4
2021-07-09,V,12,21
2021-07-09,V,7,201
2021-07-09,V,28,149
2021-07-09,V,14,380
2021-07-09,V,1,198
2021-07-09,V,0,2657
2021-07-09,V,32,10
2021-07-09,V,36,3
2021-07-10,V,32,3
2021-07-10,V,12,8
2021-07-10,V,0,4192
2021-07-10,V,7,186
2021-07-10,V,1,148
2021-07-10,V,14,395
2021-07-10,V,28,219
2021-07-10,V,26,1
2021-07-11,V,0,944
2021-07-11,V,1,104
2021-07-11,V,14,352
2021-07-11,V,36,1
2021-07-11,V,7,159
2021-07-11,V,12,9
2021-07-11,V,32,7
2021-07-11,V,28,53
2021-07-12,V,1,226
2021-07-12,V,12,12
2021-07-12,V,26,2
2021-07-12,V,7,202
2021-07-12,V,0,1996
2021-07-12,V,28,133
2021-07-12,V,14,382
2021-07-12,V,32,8
2021-07-13,V,1,227
2021-07-13,V,32,9
2021-07-13,V,7,209
2021-07-13,V,0,2087
2021-07-13,V,12,4
2021-07-13,V,28,124
2021-07-13,V,14,439
2021-07-14,V,12,7
2021-07-14,V,36,2
2021-07-14,V,0,2083
2021-07-14,V,26,2
2021-07-14,V,28,124
2021-07-14,V,14,440
2021-07-14,V,7,175
2021-07-14,V,1,230
2021-07-14,V,32,17
2021-07-15,V,32,10
2021-07-15,V,12,8
2021-07-15,V,26,2
2021-07-15,V,7,78
2021-07-15,V,28,63
2021-07-15,V,1,90
2021-07-15,V,0,2193
2021-07-15,V,14,186
2021-07-16,V,1,213
2021-07-16,V,0,2362
2021-07-16,V,7,176
2021-07-16,V,28,124
2021-07-16,V,32,8
2021-07-16,V,14,376
2021-07-17,V,14,465
2021-07-17,V,28,280
2021-07-17,V,32,5
2021-07-17,V,12,10
2021-07-17,V,0,3792
2021-07-17,V,1,182
2021-07-17,V,7,236
2021-07-17,V,26,1
2021-07-18,V,12,13
2021-07-18,V,28,80
2021-07-18,V,7,221
2021-07-18,V,32,15
2021-07-18,V,0,905
2021-07-18,V,1,139
2021-07-18,V,14,395
2021-07-19,V,32,9
2021-07-19,V,7,281
2021-07-19,V,14,544
2021-07-19,V,28,134
2021-07-19,V,1,280
2021-07-19,V,0,1976
2021-07-19,V,12,14
2021-07-20,V,14,552
2021-07-20,V,28,136
2021-07-20,V,4,1
2021-07-20,V,7,236
2021-07-20,V,12,15
2021-07-20,V,1,272
2021-07-20,V,32,9
2021-07-20,V,0,2086
2021-07-21,V,32,15
2021-07-21,V,0,2133
2021-07-21,V,1,276
2021-07-21,V,28,163
2021-07-21,V,14,574
2021-07-21,V,12,9
2021-07-21,V,7,274
2021-07-22,V,4,1
2021-07-22,V,0,2037
2021-07-22,V,14,458
2021-07-22,V,7,184
2021-07-22,V,12,3
2021-07-22,V,35,1
2021-07-22,V,32,6
2021-07-22,V,1,213
2021-07-22,V,28,142
2021-07-23,V,26,3
2021-07-23,V,12,5
2021-07-23,V,14,515
2021-07-23,V,7,179
2021-07-23,V,0,2088
2021-07-23,V,32,7
2021-07-23,V,4,1
2021-07-23,V,1,221
2021-07-23,V,28,147
2021-07-24,V,4,1
2021-07-24,V,28,241
2021-07-24,V,12,13
2021-07-24,V,7,188
2021-07-24,V,0,3514
2021-07-24,V,1,130
2021-07-24,V,14,319
2021-07-24,V,32,13
2021-07-25,V,7,192
2021-07-25,V,12,2
2021-07-25,V,0,827
2021-07-25,V,32,9
2021-07-25,V,28,59
2021-07-25,V,1,106
2021-07-25,V,14,353
2021-07-26,V,14,460
2021-07-26,V,0,1737
2021-07-26,V,32,13
2021-07-26,V,12,9
2021-07-26,V,1,247
2021-07-26,V,28,97
2021-07-26,V,7,213
2021-07-27,V,26,1
2021-07-27,V,1,327
2021-07-27,V,12,10
2021-07-27,V,28,123
2021-07-27,V,14,572
2021-07-27,V,36,1
2021-07-27,V,0,1889
2021-07-27,V,34,1
2021-07-27,V,32,8
2021-07-27,V,7,252
2021-07-28,V,7,224
2021-07-28,V,12,7
2021-07-28,V,32,15
2021-07-28,V,4,1
2021-07-28,V,28,135
2021-07-28,V,0,1850
2021-07-28,V,14,498
2021-07-28,V,1,244
2021-07-29,V,12,5
2021-07-29,V,7,163
2021-07-29,V,14,462
2021-07-29,V,28,141
2021-07-29,V,1,213
2021-07-29,V,4,2
2021-07-29,V,32,23
2021-07-29,V,0,2040
2021-07-30,V,1,238
2021-07-30,V,7,211
2021-07-30,V,14,385
2021-07-30,V,35,1
2021-07-30,V,12,12
2021-07-30,V,32,12
2021-07-30,V,0,2276
2021-07-30,V,28,142
2021-07-31,V,12,10
2021-07-31,V,0,4194
2021-07-31,V,28,219
2021-07-31,V,36,1
2021-07-31,V,7,203
2021-07-31,V,14,341
2021-07-31,V,32,9
2021-07-31,V,1,160
2021-08-01,V,4,2
2021-08-01,V,28,71
2021-08-01,V,1,124
2021-08-01,V,32,9
2021-08-01,V,0,1068
2021-08-01,V,12,8
2021-08-01,V,14,402
2021-08-01,V,7,216
2021-08-02,V,28,133
2021-08-02,V,32,11
2021-08-02,V,26,1
2021-08-02,V,7,286
2021-08-02,V,12,18
2021-08-02,V,14,691
2021-08-02,V,1,285
2021-08-02,V,4,3
2021-08-02,V,34,1
2021-08-02,V,0,1727
2021-08-03,V,7,268
2021-08-03,V,1,298
2021-08-03,V,14,439
2021-08-03,V,28,151
2021-08-03,V,12,7
2021-08-03,V,0,2196
2021-08-03,V,32,15
2021-08-04,V,1,296
2021-08-04,V,0,2405
2021-08-04,V,12,10
2021-08-04,V,28,151
2021-08-04,V,32,19
2021-08-04,V,14,423
2021-08-04,V,4,1
2021-08-04,V,7,252
2021-08-05,V,7,220
2021-08-05,V,28,145
2021-08-05,V,32,15
2021-08-05,V,1,271
2021-08-05,V,0,3021
2021-08-05,V,14,415
2021-08-05,V,12,9
2021-08-05,V,4,1
2021-08-06,V,0,4311
2021-08-06,V,32,18
2021-08-06,V,7,213
2021-08-06,V,14,391
2021-08-06,V,12,6
2021-08-06,V,28,147
2021-08-06,V,1,265
2021-08-07,V,14,381
2021-08-07,V,12,8
2021-08-07,V,32,5
2021-08-07,V,1,143
2021-08-07,V,28,266
2021-08-07,V,0,8727
2021-08-07,V,7,199
2021-08-08,V,1,111
2021-08-08,V,0,2604
2021-08-08,V,12,9
2021-08-08,V,14,372
2021-08-08,V,7,184
2021-08-08,V,32,8
2021-08-08,V,28,81
2021-08-09,V,1,264
2021-08-09,V,7,191
2021-08-09,V,35,1
2021-08-09,V,12,15
2021-08-09,V,32,12
2021-08-09,V,0,2020
2021-08-09,V,28,221
2021-08-09,V,14,480
2021-08-09,V,4,1
2021-08-10,V,1,253
2021-08-10,V,32,11
2021-08-10,V,7,210
2021-08-10,V,14,492
2021-08-10,V,28,186
2021-08-10,V,12,13
2021-08-10,V,0,1932
2021-08-11,V,1,224
2021-08-11,V,7,220
2021-08-11,V,12,14
2021-08-11,V,0,2001
2021-08-11,V,28,165
2021-08-11,V,14,455
2021-08-11,V,32,19
2021-08-12,V,1,265
2021-08-12,V,0,2064
2021-08-12,V,32,16
2021-08-12,V,14,539
2021-08-12,V,7,276
2021-08-12,V,28,161
2021-08-12,V,12,19
2021-08-13,V,32,12
2021-08-13,V,28,159
2021-08-13,V,1,248
2021-08-13,V,12,13
2021-08-13,V,0,2172
2021-08-13,V,14,500
2021-08-13,V,7,205
2021-08-14,V,7,168
2021-08-14,V,14,388
2021-08-14,V,28,307
2021-08-14,V,0,4173
2021-08-14,V,26,1
2021-08-14,V,1,135
2021-08-14,V,12,17
2021-08-14,V,32,7
2021-08-15,V,0,1085
2021-08-15,V,32,13
2021-08-15,V,1,113
2021-08-15,V,7,192
2021-08-15,V,28,71
2021-08-15,V,14,398
2021-08-15,V,12,10
2021-08-16,V,12,7
2021-08-16,V,7,227
2021-08-16,V,32,16
2021-08-16,V,1,270
2021-08-16,V,28,148
2021-08-16,V,14,453
2021-08-16,V,0,1634
2021-08-16,V,26,1
2021-08-17,V,12,9
2021-08-17,V,32,12
2021-08-17,V,28,138
2021-08-17,V,0,1757
2021-08-17,V,4,2
2021-08-17,V,7,204
2021-08-17,V,1,208
2021-08-17,V,14,468
2021-08-18,V,32,13
2021-08-18,V,28,120
2021-08-18,V,0,1751
2021-08-18,V,12,13
2021-08-18,V,7,182
2021-08-18,V,14,490
2021-08-18,V,4,1
2021-08-18,V,1,241
2021-08-19,V,28,136
2021-08-19,V,0,1892
2021-08-19,V,12,12
2021-08-19,V,14,513
2021-08-19,V,32,12
2021-08-19,V,7,257
2021-08-19,V,4,2
2021-08-19,V,26,1
2021-08-19,V,1,235
2021-08-20,V,12,12
2021-08-20,V,7,188
2021-08-20,V,28,115
2021-08-20,V,32,10
2021-08-20,V,14,474
2021-08-20,V,1,198
2021-08-20,V,26,1
2021-08-20,V,0,1980
2021-08-21,V,0,3919
2021-08-21,V,14,342
2021-08-21,V,1,111
2021-08-21,V,28,198
2021-08-21,V,7,154
2021-08-21,V,12,13
2021-08-21,V,26,1
2021-08-21,V,32,14
2021-08-22,V,12,11
2021-08-22,V,0,953
2021-08-22,V,35,1
2021-08-22,V,1,116
2021-08-22,V,14,370
2021-08-22,V,28,62
2021-08-22,V,7,177
2021-08-22,V,32,7
2021-08-23,V,28,119
2021-08-23,V,7,221
2021-08-23,V,14,528
2021-08-23,V,1,257
2021-08-23,V,0,1497
2021-08-23,V,32,12
2021-08-23,V,12,23
2021-08-24,V,28,99
2021-08-24,V,7,219
2021-08-24,V,1,243
2021-08-24,V,12,12
2021-08-24,V,0,1059
2021-08-24,V,32,9
2021-08-24,V,14,467
2021-08-25,V,12,15
2021-08-25,V,1,260
2021-08-25,V,7,230
2021-08-25,V,14,506
2021-08-25,V,32,15
2021-08-25,V,0,1727
2021-08-25,V,28,142
2021-08-26,V,1,268
2021-08-26,V,0,1651
2021-08-26,V,12,16
2021-08-26,V,32,13
2021-08-26,V,28,132
2021-08-26,V,14,526
2021-08-26,V,7,216
2021-08-27,V,28,129
2021-08-27,V,0,1832
2021-08-27,V,12,7
2021-08-27,V,14,426
2021-08-27,V,32,16
2021-08-27,V,4,1
2021-08-27,V,7,219
2021-08-27,V,1,237
2021-08-28,V,14,394
2021-08-28,V,4,1
2021-08-28,V,12,11
2021-08-28,V,28,211
2021-08-28,V,7,199
2021-08-28,V,32,6
2021-08-28,V,1,151
2021-08-28,V,0,3705
2021-08-29,V,1,140
2021-08-29,V,12,9
2021-08-29,V,0,1060
2021-08-29,V,28,53
2021-08-29,V,7,217
2021-08-29,V,14,356
2021-08-29,V,32,6
2021-08-30,V,28,121
2021-08-30,V,0,1585
2021-08-30,V,32,11
2021-08-30,V,7,205
2021-08-30,V,12,19
2021-08-30,V,1,248
2021-08-30,V,14,490
2021-08-31,V,28,105
2021-08-31,V,32,11
2021-08-31,V,7,202
2021-08-31,V,1,270
2021-08-31,V,12,12
2021-08-31,V,14,472
2021-08-31,V,0,1697
2021-08-31,V,4,1
2021-09-01,V,28,123
2021-09-01,V,1,257
2021-09-01,V,12,10
2021-09-01,V,14,486
2021-09-01,V,0,1956
2021-09-01,V,4,1
2021-09-01,V,7,185
2021-09-01,V,32,10
2021-09-02,V,14,573
2021-09-02,V,0,1975
2021-09-02,V,28,100
2021-09-02,V,1,230
2021-09-02,V,12,6
2021-09-02,V,7,215
2021-09-02,V,32,23
2021-09-03,V,14,395
2021-09-03,V,28,150
2021-09-03,V,0,2299
2021-09-03,V,12,10
2021-09-03,V,7,153
2021-09-03,V,32,7
2021-09-03,V,1,198
2021-09-04,V,32,13
2021-09-04,V,1,136
2021-09-04,V,12,11
2021-09-04,V,28,246
2021-09-04,V,26,1
2021-09-04,V,14,381
2021-09-04,V,7,146
2021-09-04,V,0,3869
2021-09-05,V,14,399
2021-09-05,V,28,61
2021-09-05,V,0,1048
2021-09-05,V,12,15
2021-09-05,V,7,193
2021-09-05,V,1,107
2021-09-05,V,32,9
2021-09-06,V,0,2609
2021-09-06,V,4,1
2021-09-06,V,1,217
2021-09-06,V,7,187
2021-09-06,V,28,189
2021-09-06,V,14,449
2021-09-06,V,12,16
2021-09-06,V,32,22
2021-09-07,V,14,487
2021-09-07,V,12,12
2021-09-07,V,0,1163
2021-09-07,V,1,153
2021-09-07,V,28,84
2021-09-07,V,7,205
2021-09-07,V,32,15
2021-09-08,V,12,15
2021-09-08,V,32,14
2021-09-08,V,28,120
2021-09-08,V,7,199
2021-09-08,V,1,269
2021-09-08,V,4,1
2021-09-08,V,14,463
2021-09-08,V,0,1676
2021-09-09,V,1,219
2021-09-09,V,7,191
2021-09-09,V,12,15
2021-09-09,V,28,137
2021-09-09,V,0,1809
2021-09-09,V,32,11
2021-09-09,V,14,449
2021-09-10,V,32,15
2021-09-10,V,12,12
2021-09-10,V,7,155
2021-09-10,V,28,116
2021-09-10,V,1,212
2021-09-10,V,14,422
2021-09-10,V,0,2084
2021-09-11,V,1,145
2021-09-11,V,26,1
2021-09-11,V,12,12
2021-09-11,V,0,3896
2021-09-11,V,14,349
2021-09-11,V,28,251
2021-09-11,V,32,10
2021-09-11,V,7,180
2021-09-12,V,14,371
2021-09-12,V,0,1055
2021-09-12,V,1,126
2021-09-12,V,32,14
2021-09-12,V,7,167
2021-09-12,V,28,62
2021-09-12,V,12,14
2021-09-13,V,1,229
2021-09-13,V,0,1528
2021-09-13,V,12,15
2021-09-13,V,7,183
2021-09-13,V,26,1
2021-09-13,V,28,139
2021-09-13,V,32,20
2021-09-13,V,14,446
2021-09-14,V,32,17
2021-09-14,V,28,99
2021-09-14,V,14,469
2021-09-14,V,1,235
2021-09-14,V,12,10
2021-09-14,V,7,188
2021-09-14,V,0,1685
2021-09-15,V,7,182
2021-09-15,V,32,13
2021-09-15,V,0,1788
2021-09-15,V,12,16
2021-09-15,V,14,504
2021-09-15,V,28,151
2021-09-15,V,1,232
2021-09-16,V,7,184
2021-09-16,V,32,18
2021-09-16,V,12,9
2021-09-16,V,1,201
2021-09-16,V,0,1882
2021-09-16,V,28,103
2021-09-16,V,14,440
2021-09-17,V,14,433
2021-09-17,V,7,174
2021-09-17,V,1,209
2021-09-17,V,32,9
2021-09-17,V,12,12
2021-09-17,V,0,2030
2021-09-17,V,28,130
2021-09-18,V,0,3775
2021-09-18,V,32,7
2021-09-18,V,7,132
2021-09-18,V,28,241
2021-09-18,V,14,347
2021-09-18,V,4,2
2021-09-18,V,12,9
2021-09-18,V,1,107
2021-09-19,V,32,15
2021-09-19,V,0,1013
2021-09-19,V,28,66
2021-09-19,V,7,155
2021-09-19,V,1,121
2021-09-19,V,14,394
2021-09-19,V,12,3
2021-09-20,V,28,124
2021-09-20,V,1,234
2021-09-20,V,14,332
2021-09-20,V,32,13
2021-09-20,V,12,15
2021-09-20,V,7,177
2021-09-20,V,0,1358
2021-09-21,V,28,123
2021-09-21,V,7,181
2021-09-21,V,14,456
2021-09-21,V,4,1
2021-09-21,V,1,196
2021-09-21,V,32,23
2021-09-21,V,0,1575
2021-09-21,V,12,14
2021-09-22,V,32,16
2021-09-22,V,14,514
2021-09-22,V,12,14
2021-09-22,V,28,132
2021-09-22,V,0,1739
2021-09-22,V,1,198
2021-09-22,V,4,1
2021-09-22,V,7,165
2021-09-23,V,1,189
2021-09-23,V,12,12
2021-09-23,V,14,391
2021-09-23,V,32,13
2021-09-23,V,0,1697
2021-09-23,V,28,115
2021-09-23,V,7,150
2021-09-23,V,4,1
2021-09-24,V,1,158
2021-09-24,V,0,1932
2021-09-24,V,12,16
2021-09-24,V,32,9
2021-09-24,V,7,142
2021-09-24,V,28,125
2021-09-24,V,4,1
2021-09-24,V,14,312
2021-09-25,V,12,12
2021-09-25,V,32,7
2021-09-25,V,7,150
2021-09-25,V,0,3725
2021-09-25,V,1,112
2021-09-25,V,28,209
2021-09-25,V,14,310
2021-09-26,V,1,108
2021-09-26,V,7,149
2021-09-26,V,12,14
2021-09-26,V,28,51
2021-09-26,V,32,15
2021-09-26,V,14,305
2021-09-26,V,0,1001
2021-09-27,V,1,251
2021-09-27,V,14,399
2021-09-27,V,7,177
2021-09-27,V,32,18
2021-09-27,V,0,1361
2021-09-27,V,12,16
2021-09-27,V,28,105
2021-09-28,V,0,1605
2021-09-28,V,28,113
2021-09-28,V,32,7
2021-09-28,V,12,18
2021-09-28,V,14,406
2021-09-28,V,1,209
2021-09-28,V,7,175
2021-09-29,V,14,493
2021-09-29,V,1,165
2021-09-29,V,32,15
2021-09-29,V,28,129
2021-09-29,V,0,1653
2021-09-29,V,7,191
2021-09-29,V,12,21
2021-09-30,V,28,113
2021-09-30,V,0,1806
2021-09-30,V,7,150
2021-09-30,V,14,383
2021-09-30,V,32,14
2021-09-30,V,12,22
2021-09-30,V,1,182
2021-10-01,V,7,160
2021-10-01,V,32,10
2021-10-01,V,14,377
2021-10-01,V,1,192
2021-10-01,V,12,18
2021-10-01,V,0,2110
2021-10-01,V,28,128
2021-10-02,V,28,211
2021-10-02,V,14,389
2021-10-02,V,12,18
2021-10-02,V,1,125
2021-10-02,V,32,13
2021-10-02,V,7,156
2021-10-02,V,0,4105
2021-10-03,V,1,129
2021-10-03,V,12,28
2021-10-03,V,32,13
2021-10-03,V,7,199
2021-10-03,V,14,372
2021-10-03,V,0,1185
2021-10-03,V,28,69
2021-10-03,V,4,1
2021-10-04,V,28,106
2021-10-04,V,32,22
2021-10-04,V,12,16
2021-10-04,V,14,450
2021-10-04,V,1,245
2021-10-04,V,7,154
2021-10-04,V,0,1614
2021-10-05,V,1,224
2021-10-05,V,0,1799
2021-10-05,V,32,15
2021-10-05,V,26,1
2021-10-05,V,7,175
2021-10-05,V,12,17
2021-10-05,V,14,498
2021-10-05,V,28,135
2021-10-06,V,7,281
2021-10-06,V,0,1947
2021-10-06,V,12,23
2021-10-06,V,1,243
2021-10-06,V,14,561
2021-10-06,V,32,22
2021-10-06,V,28,157
2021-10-07,V,32,11
2021-10-07,V,4,2
2021-10-07,V,0,2138
2021-10-07,V,12,21
2021-10-07,V,28,150
2021-10-07,V,7,249
2021-10-07,V,1,271
2021-10-07,V,14,615
2021-10-08,V,28,150
2021-10-08,V,32,18
2021-10-08,V,1,268
2021-10-08,V,0,2562
2021-10-08,V,12,6
2021-10-08,V,14,494
2021-10-08,V,7,218
2021-10-09,V,7,216
2021-10-09,V,12,16
2021-10-09,V,0,4632
2021-10-09,V,28,234
2021-10-09,V,14,447
2021-10-09,V,36,1
2021-10-09,V,32,11
2021-10-09,V,1,138
2021-10-10,V,14,483
2021-10-10,V,12,13
2021-10-10,V,0,1125
2021-10-10,V,28,81
2021-10-10,V,1,128
2021-10-10,V,32,11
2021-10-10,V,7,263
2021-10-11,V,14,622
2021-10-11,V,32,22
2021-10-11,V,28,204
2021-10-11,V,1,223
2021-10-11,V,7,222
2021-10-11,V,12,24
2021-10-11,V,0,3446
2021-10-12,V,4,1
2021-10-12,V,12,18
2021-10-12,V,1,135
2021-10-12,V,32,18
2021-10-12,V,28,101
2021-10-12,V,7,274
2021-10-12,V,0,2082
2021-10-12,V,14,483
2021-10-12,V,36,1
2021-10-13,V,4,3
2021-10-13,V,28,126
2021-10-13,V,32,18
2021-10-13,V,26,1
2021-10-13,V,12,19
2021-10-13,V,14,485
2021-10-13,V,1,231
2021-10-13,V,7,244
2021-10-13,V,0,1742
2021-10-14,V,14,508
2021-10-14,V,0,1777
2021-10-14,V,12,14
2021-10-14,V,28,139
2021-10-14,V,7,228
2021-10-14,V,1,263
2021-10-14,V,32,15
2021-10-14,V,4,2
2021-10-15,V,12,11
2021-10-15,V,32,16
2021-10-15,V,0,2157
2021-10-15,V,7,168
2021-10-15,V,14,529
2021-10-15,V,4,1
2021-10-15,V,28,80
2021-10-15,V,1,165
2021-10-16,V,1,127
2021-10-16,V,28,231
2021-10-16,V,32,17
2021-10-16,V,12,10
2021-10-16,V,0,3633
2021-10-16,V,14,405
2021-10-16,V,7,271
2021-10-17,V,14,422
2021-10-17,V,1,127
2021-10-17,V,0,873
2021-10-17,V,32,7
2021-10-17,V,28,73
2021-10-17,V,12,10
2021-10-17,V,7,230
2021-10-17,V,4,1
2021-10-18,V,1,250
2021-10-18,V,14,551
2021-10-18,V,12,12
2021-10-18,V,7,212
2021-10-18,V,0,1139
2021-10-18,V,32,13
2021-10-18,V,28,94
2021-10-18,V,4,2
2021-10-19,V,14,554
2021-10-19,V,1,228
2021-10-19,V,28,107
2021-10-19,V,12,14
2021-10-19,V,32,18
2021-10-19,V,0,1613
2021-10-19,V,7,216
2021-10-20,V,28,119
2021-10-20,V,14,512
2021-10-20,V,1,218
2021-10-20,V,32,23
2021-10-20,V,12,6
2021-10-20,V,7,203
2021-10-20,V,0,1571
2021-10-21,V,32,10
2021-10-21,V,14,492
2021-10-21,V,0,1677
2021-10-21,V,1,221
2021-10-21,V,7,224
2021-10-21,V,12,6
2021-10-21,V,28,132
2021-10-22,V,12,9
2021-10-22,V,14,455
2021-10-22,V,1,189
2021-10-22,V,0,1922
2021-10-22,V,7,229
2021-10-22,V,32,10
2021-10-22,V,28,146
2021-10-23,V,7,210
2021-10-23,V,28,231
2021-10-23,V,4,2
2021-10-23,V,12,6
2021-10-23,V,35,1
2021-10-23,V,32,23
2021-10-23,V,0,3551
2021-10-23,V,1,128
2021-10-23,V,14,328
2021-10-23,V,26,1
2021-10-24,V,1,104
2021-10-24,V,0,822
2021-10-24,V,28,50
2021-10-24,V,12,11
2021-10-24,V,32,11
2021-10-24,V,14,384
2021-10-24,V,7,196
2021-10-25,V,0,1469
2021-10-25,V,14,456
2021-10-25,V,1,218
2021-10-25,V,7,231
2021-10-25,V,12,8
2021-10-25,V,26,2
2021-10-25,V,32,21
2021-10-25,V,28,101
2021-10-26,V,7,275
2021-10-26,V,32,19
2021-10-26,V,0,1528
2021-10-26,V,1,194
2021-10-26,V,12,5
2021-10-26,V,28,107
2021-10-26,V,14,496
2021-10-27,V,7,241
2021-10-27,V,28,128
2021-10-27,V,1,211
2021-10-27,V,12,9
2021-10-27,V,0,1599
2021-10-27,V,32,10
2021-10-27,V,14,462
2021-10-28,V,0,1655
2021-10-28,V,14,476
2021-10-28,V,28,119
2021-10-28,V,1,199
2021-10-28,V,32,13
2021-10-28,V,7,211
2021-10-28,V,4,2
2021-10-28,V,12,9
2021-10-29,V,7,230
2021-10-29,V,1,183
2021-10-29,V,0,1999
2021-10-29,V,32,11
2021-10-29,V,4,1
2021-10-29,V,12,3
2021-10-29,V,28,110
2021-10-29,V,14,456
2021-10-30,V,28,175
2021-10-30,V,14,463
2021-10-30,V,32,19
2021-10-30,V,1,146
2021-10-30,V,7,239
2021-10-30,V,0,3514
2021-10-30,V,12,4
2021-10-31,V,12,7
2021-10-31,V,7,250
2021-10-31,V,0,770
2021-10-31,V,1,118
2021-10-31,V,28,54
2021-10-31,V,32,16
2021-10-31,V,14,482
